{"cameraMode":{"drawMode":0,"name":"Shaded","section":"Shading Mode"},"sceneLighting":false,"audioPlay":false,"sceneViewState":{"showFog":true,"showMaterialUpdate":false,"showSkybox":false,"showFlares":true,"showImageEffects":true,"showParticleSystems":true},"in2DMode":false,"pivot":{"x":3.2288994789123537,"y":1.2874791622161866,"z":-1.3732986450195313},"rotation":{"x":-0.06710948795080185,"y":-0.9322759509086609,"z":0.26829156279563906,"w":-0.23319792747497559},"size":12.33399486541748,"orthographic":false}