{"cameraMode":{"drawMode":0,"name":"Shaded","section":"Shading Mode"},"sceneLighting":true,"audioPlay":false,"sceneViewState":{"showFog":true,"showMaterialUpdate":false,"showSkybox":true,"showFlares":true,"showImageEffects":true,"showParticleSystems":true},"in2DMode":false,"pivot":{"x":526.4924926757813,"y":494.4868469238281,"z":0.0},"rotation":{"x":0.17416755855083466,"y":0.04045458510518074,"z":-0.007161439396440983,"w":0.983860433101654},"size":12.436111450195313,"orthographic":false}