{"cameraMode":{"drawMode":0,"name":"Shaded","section":"Shading Mode"},"sceneLighting":true,"audioPlay":false,"sceneViewState":{"showFog":true,"showMaterialUpdate":false,"showSkybox":true,"showFlares":true,"showImageEffects":true,"showParticleSystems":true},"in2DMode":false,"pivot":{"x":75.14501953125,"y":104.30854797363281,"z":98.28013610839844},"rotation":{"x":-0.06710948795080185,"y":-0.9322759509086609,"z":0.26829156279563906,"w":-0.23319792747497559},"size":37.109466552734378,"orthographic":false}